{"TX":0,"PAA_TX":0,"RX":1,"PAA_RX":0,"Rorder":0,"MPC":[[1,5.015,1.5,3,3.3218,1.5]]}
{"TX":0,"PAA_TX":0,"RX":1,"PAA_RX":0,"Rorder":1,"MPC":[[[3,3.3218,1.5,2.2030995106035887,0,1.5,1,5.015,1.5],[3,3.3218,1.5,5,3.8861999999999997,1.5,1,5.015,1.5],[3,3.3218,1.5,0,4.5916999999999994,1.5,1,5.015,1.5],[3,3.3218,1.5,2,4.1684,0,1,5.015,1.5],[3,3.3218,1.5,1.8548254338431991,10,1.5,1,5.015,1.5],[3,3.3218,1.5,2,4.1684,3,1,5.015,1.5]]]}
{"TX":0,"PAA_TX":1,"RX":1,"PAA_RX":0,"Rorder":0,"MPC":[[1,4.985,1.5,3,3.3218,1.5]]}
{"TX":0,"PAA_TX":1,"RX":1,"PAA_RX":0,"Rorder":1,"MPC":[[[3,3.3218,1.5,2.2002215052727885,0,1.5,1,4.985,1.5],[3,3.3218,1.5,5,3.8762,1.5,1,4.985,1.5],[3,3.3218,1.5,0,4.5692,1.5,1,4.985,1.5],[3,3.3218,1.5,2,4.1534,0,1,4.985,1.5],[3,3.3218,1.5,1.8577634864707693,10,1.5,1,4.985,1.5],[3,3.3218,1.5,2,4.1534,3,1,4.985,1.5]]]}
{"TX":0,"PAA_TX":0,"RX":2,"PAA_RX":0,"Rorder":0,"MPC":[[1,5.015,1.5,3,6.6782,1.5]]}
{"TX":0,"PAA_TX":0,"RX":2,"PAA_RX":0,"Rorder":1,"MPC":[[[3,6.6782,1.5,1.8577634864707693,8.8817841970012523E-16,1.5,1,5.015,1.5],[3,6.6782,1.5,5,6.1238,1.5,1,5.015,1.5],[3,6.6782,1.5,0,5.4308,1.5,1,5.015,1.5],[3,6.6782,1.5,2,5.8466000000000005,0,1,5.015,1.5],[3,6.6782,1.5,2.2002215052727885,10,1.5,1,5.015,1.5],[3,6.6782,1.5,2,5.8466000000000005,3,1,5.015,1.5]]]}
{"TX":0,"PAA_TX":1,"RX":2,"PAA_RX":0,"Rorder":0,"MPC":[[1,4.985,1.5,3,6.6782,1.5]]}
{"TX":0,"PAA_TX":1,"RX":2,"PAA_RX":0,"Rorder":1,"MPC":[[[3,6.6782,1.5,1.8548254338431991,0,1.5,1,4.985,1.5],[3,6.6782,1.5,5,6.1138,1.5,1,4.985,1.5],[3,6.6782,1.5,0,5.4083000000000006,1.5,1,4.985,1.5],[3,6.6782,1.5,2,5.8316,0,1,4.985,1.5],[3,6.6782,1.5,2.2030995106035891,10,1.5,1,4.985,1.5],[3,6.6782,1.5,2,5.8316,3,1,4.985,1.5]]]}
{"TX":1,"PAA_TX":0,"RX":2,"PAA_RX":0,"Rorder":0,"MPC":[[3,3.3218,1.5,3,6.6782,1.5]]}
{"TX":1,"PAA_TX":0,"RX":2,"PAA_RX":0,"Rorder":1,"MPC":[[[3,6.6782,1.5,3,0,1.5,3,3.3218,1.5],[3,6.6782,1.5,5,5,1.5,3,3.3218,1.5],[3,6.6782,1.5,0,5,1.5,3,3.3218,1.5],[3,6.6782,1.5,3,5,0,3,3.3218,1.5],[3,6.6782,1.5,3,10,1.5,3,3.3218,1.5],[3,6.6782,1.5,3,5,3,3,3.3218,1.5]]]}
