{"TX":0,"PAA_TX":0,"RX":1,"PAA_RX":0,"Rorder":0,"MPC":[[1,5.015,1.5,3,4.2721,1.5]]}
{"TX":0,"PAA_TX":0,"RX":1,"PAA_RX":0,"Rorder":1,"MPC":[[[3,4.2721,1.5,2.0799926780157421,0,1.5,1,5.015,1.5],[3,4.2721,1.5,5,4.5197333333333329,1.5,1,5.015,1.5],[3,4.2721,1.5,0,4.829275,1.5,1,5.015,1.5],[3,4.2721,1.5,2,4.6435499999999994,0,1,5.015,1.5],[3,4.2721,1.5,1.9306536978782591,10,1.5,1,5.015,1.5],[3,4.2721,1.5,2,4.6435499999999994,3,1,5.015,1.5]]]}
{"TX":0,"PAA_TX":1,"RX":1,"PAA_RX":0,"Rorder":0,"MPC":[[1,4.985,1.5,3,4.2721,1.5]]}
{"TX":0,"PAA_TX":1,"RX":1,"PAA_RX":0,"Rorder":1,"MPC":[[[3,4.2721,1.5,2.0770111590022795,0,1.5,1,4.985,1.5],[3,4.2721,1.5,5,4.5097333333333331,1.5,1,4.985,1.5],[3,4.2721,1.5,0,4.806775,1.5,1,4.985,1.5],[3,4.2721,1.5,2,4.6285500000000006,0,1,4.985,1.5],[3,4.2721,1.5,1.9336398923940461,10,1.5,1,4.985,1.5],[3,4.2721,1.5,2,4.6285500000000006,3,1,4.985,1.5]]]}
{"TX":0,"PAA_TX":0,"RX":2,"PAA_RX":0,"Rorder":0,"MPC":[[1,5.015,1.5,3,5.7279,1.5]]}
{"TX":0,"PAA_TX":0,"RX":2,"PAA_RX":0,"Rorder":1,"MPC":[[[3,5.7279,1.5,1.9336398923940461,0,1.5,1,5.015,1.5],[3,5.7279,1.5,5,5.4902666666666669,1.5,1,5.015,1.5],[3,5.7279,1.5,0,5.193225,1.5,1,5.015,1.5],[3,5.7279,1.5,2,5.3714499999999994,0,1,5.015,1.5],[3,5.7279,1.5,2.0770111590022795,10,1.5,1,5.015,1.5],[3,5.7279,1.5,2,5.3714499999999994,3,1,5.015,1.5]]]}
{"TX":0,"PAA_TX":1,"RX":2,"PAA_RX":0,"Rorder":0,"MPC":[[1,4.985,1.5,3,5.7279,1.5]]}
{"TX":0,"PAA_TX":1,"RX":2,"PAA_RX":0,"Rorder":1,"MPC":[[[3,5.7279,1.5,1.9306536978782591,-8.8817841970012523E-16,1.5,1,4.985,1.5],[3,5.7279,1.5,5,5.4802666666666671,1.5,1,4.985,1.5],[3,5.7279,1.5,0,5.170725,1.5,1,4.985,1.5],[3,5.7279,1.5,2,5.3564500000000006,0,1,4.985,1.5],[3,5.7279,1.5,2.0799926780157421,10,1.5,1,4.985,1.5],[3,5.7279,1.5,2,5.3564500000000006,3,1,4.985,1.5]]]}
{"TX":1,"PAA_TX":0,"RX":2,"PAA_RX":0,"Rorder":0,"MPC":[[3,4.2721,1.5,3,5.7279,1.5]]}
{"TX":1,"PAA_TX":0,"RX":2,"PAA_RX":0,"Rorder":1,"MPC":[[[3,5.7279,1.5,3,0,1.5,3,4.2721,1.5],[3,5.7279,1.5,5,5,1.5,3,4.2721,1.5],[3,5.7279,1.5,0,5,1.5,3,4.2721,1.5],[3,5.7279,1.5,3,5,0,3,4.2721,1.5],[3,5.7279,1.5,3,10,1.5,3,4.2721,1.5],[3,5.7279,1.5,3,5,3,3,4.2721,1.5]]]}
