{"TX":0,"PAA_TX":0,"RX":1,"PAA_RX":0,"Rorder":0,"MPC":[[1,5.015,1.5,3,1.5359,1.5]]}
{"TX":0,"PAA_TX":0,"RX":1,"PAA_RX":0,"Rorder":1,"MPC":[[[3,1.5359,1.5,2.5310873315117006,0,1.5,1,5.015,1.5],[3,1.5359,1.5,5,2.6955999999999998,1.5,1,5.015,1.5],[3,1.5359,1.5,0,4.145225,1.5,1,5.015,1.5],[3,1.5359,1.5,2,3.27545,0,1,5.015,1.5],[3,1.5359,1.5,1.7413135451442845,10,1.5,1,5.015,1.5],[3,1.5359,1.5,2,3.27545,3,1,5.015,1.5]]]}
{"TX":0,"PAA_TX":1,"RX":1,"PAA_RX":0,"Rorder":0,"MPC":[[1,4.985,1.5,3,1.5359,1.5]]}
{"TX":0,"PAA_TX":1,"RX":1,"PAA_RX":0,"Rorder":1,"MPC":[[[3,1.5359,1.5,2.5289300556671623,0,1.5,1,4.985,1.5],[3,1.5359,1.5,5,2.6856,1.5,1,4.985,1.5],[3,1.5359,1.5,0,4.122725,1.5,1,4.985,1.5],[3,1.5359,1.5,2,3.2604500000000005,0,1,4.985,1.5],[3,1.5359,1.5,1.7441149631651964,10,1.5,1,4.985,1.5],[3,1.5359,1.5,2,3.2604500000000005,3,1,4.985,1.5]]]}
{"TX":0,"PAA_TX":0,"RX":2,"PAA_RX":0,"Rorder":0,"MPC":[[1,5.015,1.5,3,8.4641,1.5]]}
{"TX":0,"PAA_TX":0,"RX":2,"PAA_RX":0,"Rorder":1,"MPC":[[[3,8.4641,1.5,1.7441149631651964,0,1.5,1,5.015,1.5],[3,8.4641,1.5,5,7.3144,1.5,1,5.015,1.5],[3,8.4641,1.5,0,5.877275,1.5,1,5.015,1.5],[3,8.4641,1.5,2,6.7395499999999995,0,1,5.015,1.5],[3,8.4641,1.5,2.5289300556671623,10,1.5,1,5.015,1.5],[3,8.4641,1.5,2,6.7395499999999995,3,1,5.015,1.5]]]}
{"TX":0,"PAA_TX":1,"RX":2,"PAA_RX":0,"Rorder":0,"MPC":[[1,4.985,1.5,3,8.4641,1.5]]}
{"TX":0,"PAA_TX":1,"RX":2,"PAA_RX":0,"Rorder":1,"MPC":[[[3,8.4641,1.5,1.7413135451442849,0,1.5,1,4.985,1.5],[3,8.4641,1.5,5,7.3044,1.5,1,4.985,1.5],[3,8.4641,1.5,0,5.854775,1.5,1,4.985,1.5],[3,8.4641,1.5,2,6.7245500000000007,0,1,4.985,1.5],[3,8.4641,1.5,2.5310873315117006,10,1.5,1,4.985,1.5],[3,8.4641,1.5,2,6.7245500000000007,3,1,4.985,1.5]]]}
{"TX":1,"PAA_TX":0,"RX":2,"PAA_RX":0,"Rorder":0,"MPC":[[3,1.5359,1.5,3,8.4641,1.5]]}
{"TX":1,"PAA_TX":0,"RX":2,"PAA_RX":0,"Rorder":1,"MPC":[[[3,8.4641,1.5,3,0,1.5,3,1.5359,1.5],[3,8.4641,1.5,5,5,1.5,3,1.5359,1.5],[3,8.4641,1.5,0,5,1.5,3,1.5359,1.5],[3,8.4641,1.5,3,5,0,3,1.5359,1.5],[3,8.4641,1.5,3,10,1.5,3,1.5359,1.5],[3,8.4641,1.5,3,5,3,3,1.5359,1.5]]]}
